<?xml version="1.0" encoding="utf-8" standalone="yes"?>
<rss version="2.0" xmlns:atom="http://www.w3.org/2005/Atom">
  <channel>
    <title>Workbook 12: Graphics Town on CS559 Workbook 12: Graphics Town</title>
    <link>/</link>
    <description>Recent content in Workbook 12: Graphics Town on CS559 Workbook 12: Graphics Town</description>
    <generator>Hugo -- gohugo.io</generator>
    <language>en-us</language>
    <lastBuildDate>Mon, 13 Apr 2020 18:56:42 -0500</lastBuildDate>
    
	<atom:link href="/index.xml" rel="self" type="application/rss+xml" />
    
    
  </channel>
</rss>